,Efficient_Net_B7,Inception_Resnet_V2,Mobilenet_V2,Mobilenet_V3_Large,Inception_Resnet50,Inception_Resnet152,Inception_ResnetRs,XceptionNet,NasnetMobile,Vgg-19,Vgg-16,Densenet-121,Densenet-169,Densenet-201,True_Preds,max_count
0,0,3,0,0,0,0,0,0,3,0,0,0,0,0,0,0
1,0,0,0,0,0,0,0,0,0,0,0,0,0,0,0,0
2,3,3,3,3,3,3,3,3,3,0,3,3,3,3,0,3
3,0,0,0,0,0,0,0,0,0,0,0,0,0,0,0,0
4,3,2,3,3,3,0,0,3,3,0,3,3,3,3,0,3
5,2,2,3,0,2,2,2,3,0,3,0,0,0,0,0,0
6,3,3,3,3,0,3,3,0,3,3,0,2,3,0,0,3
7,0,0,0,0,0,0,0,0,0,0,0,0,0,0,0,0
8,0,3,3,0,0,3,0,3,3,0,3,0,3,3,0,3
9,0,0,0,0,0,0,0,0,0,0,0,0,0,0,0,0
10,0,0,0,0,0,0,0,0,0,0,0,0,0,0,0,0
11,0,0,3,0,3,3,0,0,0,3,3,0,3,0,0,0
12,3,0,3,0,0,0,0,3,0,2,0,0,0,0,0,0
13,0,3,3,3,3,3,3,3,3,0,0,3,3,0,0,3
14,2,2,3,2,2,2,2,2,3,2,2,2,2,0,0,2
15,0,0,0,0,0,0,0,0,0,0,0,0,0,0,0,0
16,0,0,0,0,0,0,0,0,0,0,0,0,0,0,0,0
17,0,0,0,0,0,0,0,0,0,0,0,2,0,0,0,0
18,0,0,0,0,0,0,0,0,0,0,0,0,0,0,0,0
19,0,0,0,0,0,0,0,0,0,0,0,0,0,0,0,0
20,0,0,0,0,0,0,0,0,0,0,0,0,0,0,0,0
21,0,0,0,0,0,0,0,0,0,0,0,0,0,0,0,0
22,0,0,0,0,0,0,0,0,0,0,0,0,0,0,0,0
23,0,0,0,0,0,0,0,0,0,0,0,0,0,0,0,0
24,0,0,0,0,0,0,0,0,0,0,0,0,0,0,0,0
25,0,0,0,0,0,0,0,0,0,0,0,0,0,0,0,0
26,0,0,0,0,0,0,0,0,0,0,0,0,0,0,0,0
27,0,0,0,0,0,0,0,0,0,0,0,0,0,0,0,0
28,0,0,0,0,0,0,0,0,0,0,0,0,0,0,0,0
29,0,0,0,0,0,0,0,0,0,0,0,0,0,0,0,0
30,0,0,0,0,0,0,0,0,0,0,0,0,0,0,0,0
31,0,0,0,0,0,0,0,0,0,0,0,0,0,0,0,0
32,0,0,0,0,0,0,0,0,0,0,0,0,0,0,0,0
33,0,2,0,0,0,2,0,0,0,0,0,2,0,3,0,0
34,0,0,0,0,0,0,0,0,3,0,0,0,0,0,0,0
35,0,0,0,0,0,0,0,0,0,0,0,0,0,0,0,0
36,0,0,0,0,0,0,0,0,0,0,0,0,0,0,0,0
37,0,0,0,0,0,0,0,0,0,0,0,0,0,0,0,0
38,0,0,0,0,0,0,0,0,0,0,0,0,0,0,0,0
39,0,0,0,0,0,0,0,0,0,0,0,0,0,0,0,0
40,0,0,0,0,0,0,0,0,0,0,0,0,0,0,0,0
41,0,0,0,0,0,0,0,0,0,0,0,0,0,0,0,0
42,0,0,0,0,0,0,0,0,0,0,0,0,0,0,0,0
43,0,0,0,0,0,0,0,0,0,0,0,0,0,0,0,0
44,0,0,0,0,0,0,0,0,0,0,0,0,0,0,0,0
45,0,0,0,0,0,0,0,0,0,0,0,0,0,0,0,0
46,0,0,0,0,0,0,0,0,0,0,0,0,0,0,0,0
47,0,3,0,3,0,0,0,0,3,0,0,3,0,0,0,0
48,0,0,0,0,0,0,0,0,0,0,0,0,0,0,0,0
49,0,0,0,0,0,0,0,0,0,0,0,0,0,0,0,0
50,0,0,0,0,0,0,0,0,0,0,0,0,0,3,0,0
51,3,3,3,0,0,3,3,3,3,0,0,3,3,3,0,3
52,0,0,0,0,0,0,0,0,0,0,0,0,0,0,0,0
53,0,0,0,0,0,0,0,0,0,3,0,0,0,0,0,0
54,0,2,2,0,3,0,1,1,0,0,0,0,0,3,0,0
55,3,3,3,0,3,3,3,0,3,0,3,3,3,0,0,3
56,0,0,0,0,0,0,0,0,0,0,0,0,0,0,0,0
57,0,0,0,0,0,0,0,0,0,0,0,0,0,0,0,0
58,0,0,0,0,0,0,0,0,0,0,0,0,0,0,0,0
59,0,0,0,0,0,0,0,0,0,0,0,0,0,0,0,0
60,0,0,0,0,0,0,0,0,0,0,0,0,0,0,0,0
61,0,0,0,0,0,0,0,0,0,0,0,0,0,0,0,0
62,0,0,0,0,0,0,0,0,0,0,0,0,0,0,0,0
63,0,0,0,0,0,0,0,0,0,0,0,0,0,0,0,0
64,0,0,0,0,0,0,0,0,0,0,0,0,0,0,0,0
65,0,0,0,0,0,0,0,0,0,0,0,0,0,0,0,0
66,0,0,0,0,0,0,0,0,0,0,0,0,0,0,0,0
67,0,0,0,0,0,0,0,0,0,0,0,0,0,0,0,0
68,0,0,0,0,0,0,0,0,0,0,0,0,0,0,0,0
69,0,0,0,0,0,0,0,0,0,0,0,0,0,0,0,0
70,0,0,0,0,0,0,0,0,0,0,0,0,0,0,0,0
71,0,0,0,0,0,0,0,0,0,0,0,0,0,0,0,0
72,0,0,0,0,0,0,0,0,0,0,0,0,0,0,0,0
73,0,0,0,0,0,0,0,0,0,0,0,0,0,0,0,0
74,0,0,0,0,0,0,0,0,0,0,0,0,0,0,0,0
75,0,0,0,0,0,0,0,0,0,0,0,0,0,0,0,0
76,0,0,0,0,0,0,0,0,0,0,0,0,0,0,0,0
77,0,0,2,0,0,0,0,0,0,2,0,0,0,0,0,0
78,0,0,2,0,0,0,0,0,0,2,0,0,0,0,0,0
79,0,0,0,0,0,0,0,0,0,0,0,0,0,0,0,0
80,0,0,0,0,0,0,0,0,0,0,0,0,0,0,0,0
81,0,0,0,0,0,0,0,0,0,0,0,0,0,0,0,0
82,0,0,0,0,0,0,0,0,0,0,0,0,0,0,0,0
83,0,0,0,0,0,0,0,0,0,0,0,0,0,0,0,0
84,0,0,0,0,0,0,0,0,0,0,0,0,0,0,0,0
85,0,0,0,0,0,0,0,0,0,0,0,0,0,0,0,0
86,0,0,0,0,0,0,0,0,0,0,0,0,0,0,0,0
87,0,0,0,0,0,0,0,0,0,0,0,0,0,0,0,0
88,0,0,0,0,0,0,0,0,0,0,0,0,0,0,0,0
89,0,0,0,0,2,0,0,0,0,0,0,0,0,0,0,0
90,0,0,0,0,0,0,0,0,0,0,0,0,0,0,0,0
91,0,0,0,0,0,0,0,0,0,0,2,0,0,0,0,0
92,0,0,0,0,0,0,0,0,0,0,0,0,0,0,0,0
93,0,0,0,0,0,0,0,0,0,0,0,0,0,0,0,0
94,0,0,0,0,0,0,0,0,0,0,0,0,0,0,0,0
95,0,0,0,0,0,0,0,0,0,0,0,0,0,0,0,0
96,0,0,0,0,0,0,0,0,0,0,0,0,0,0,0,0
97,0,0,0,0,0,0,0,0,0,0,0,0,0,0,0,0
98,0,0,0,0,0,0,0,0,0,0,0,0,0,0,0,0
99,0,0,0,0,0,0,0,0,0,0,0,0,0,0,0,0
100,0,0,0,0,0,0,0,0,0,0,0,0,0,0,0,0
101,0,0,0,0,0,0,0,0,0,0,0,2,0,0,0,0
102,0,0,0,0,0,0,0,0,0,0,0,2,0,0,0,0
103,0,0,0,0,0,0,0,0,0,0,0,0,0,0,0,0
104,0,0,0,0,0,0,0,0,0,0,0,0,0,0,0,0
105,0,0,0,0,0,0,0,0,0,0,0,0,0,0,0,0
106,0,0,0,0,0,0,0,0,0,0,0,0,0,0,0,0
107,0,0,0,0,0,0,0,0,0,0,0,0,0,0,0,0
108,0,0,2,0,0,0,0,0,0,0,0,0,0,0,0,0
109,0,0,0,0,0,0,0,0,0,0,0,0,0,0,0,0
110,0,0,0,0,0,0,0,0,0,0,0,0,0,0,0,0
111,0,0,0,0,0,0,0,0,0,0,0,0,0,0,0,0
112,2,2,2,0,2,2,0,2,2,2,2,2,2,2,0,2
113,0,0,0,0,0,0,0,0,0,0,0,0,0,0,0,0
114,0,0,0,0,0,0,0,0,0,0,0,0,0,0,0,0
115,0,0,0,0,0,0,0,0,0,0,0,0,0,0,0,0
116,0,0,0,0,0,0,0,0,0,0,2,0,0,0,0,0
117,0,2,2,0,0,2,0,0,0,0,3,0,0,0,0,0
118,0,0,0,0,0,0,0,0,0,0,0,0,0,0,0,0
119,0,0,0,0,0,0,0,0,0,0,0,0,0,0,0,0
120,0,0,0,0,0,0,0,0,0,0,0,0,0,0,0,0
121,0,0,0,0,0,0,0,0,0,0,0,0,0,0,0,0
122,0,0,0,0,0,0,0,0,0,0,0,2,0,0,0,0
123,0,0,0,0,0,0,0,0,0,0,0,0,0,0,0,0
124,0,0,0,0,0,0,0,0,0,0,0,0,0,0,0,0
125,0,0,0,0,0,0,0,0,0,0,0,0,0,0,0,0
126,0,0,0,0,0,0,0,0,0,0,0,0,0,0,0,0
127,0,0,0,0,0,0,0,0,0,0,0,0,0,0,0,0
128,0,0,0,0,0,0,0,0,0,0,0,0,0,0,0,0
129,2,2,0,2,2,2,0,2,2,2,0,0,0,0,0,2
130,2,0,0,0,0,0,0,0,2,0,0,0,0,0,0,0
131,0,0,0,0,0,0,0,0,0,0,0,2,0,0,0,0
132,0,0,0,0,0,0,0,0,0,0,0,0,0,0,0,0
133,0,0,0,0,0,0,0,0,0,0,0,0,0,0,0,0
134,0,0,0,0,0,0,0,0,0,0,0,0,0,0,0,0
135,0,0,0,0,0,0,0,0,0,0,0,0,0,0,0,0
136,0,0,0,0,0,0,0,0,0,0,0,0,0,0,0,0
137,0,0,0,0,0,0,0,0,0,0,0,0,0,0,0,0
138,0,0,0,0,0,0,0,0,0,0,0,0,0,0,0,0
139,0,0,0,0,0,0,0,0,0,0,0,0,0,0,0,0
140,0,0,0,0,0,0,0,0,0,0,0,0,0,2,0,0
141,0,2,2,0,0,2,0,2,2,2,2,2,2,0,0,2
142,0,0,2,0,0,0,0,0,0,0,0,0,0,0,0,0
143,0,0,0,0,0,0,0,0,0,0,0,0,0,0,0,0
144,0,0,2,0,2,2,0,2,0,0,0,0,0,0,0,0
145,0,0,0,0,0,2,0,0,0,0,0,0,0,0,0,0
146,0,0,0,0,0,0,0,0,0,0,0,0,0,0,0,0
147,2,0,0,2,0,0,2,0,0,0,0,0,0,0,0,0
148,0,0,0,0,0,0,0,0,0,0,0,0,0,0,0,0
149,0,0,0,0,0,0,0,0,0,0,0,0,0,0,0,0
150,0,0,0,0,0,0,0,0,0,0,0,0,0,0,0,0
151,0,0,0,0,0,0,0,0,0,0,0,0,0,0,0,0
152,0,0,0,0,0,0,0,0,0,0,0,0,0,0,0,0
153,0,0,0,0,0,0,0,0,0,0,0,0,0,0,0,0
154,0,0,0,0,0,0,0,0,0,0,0,0,0,0,0,0
155,0,0,2,0,0,0,0,0,0,0,0,0,0,0,0,0
156,0,0,0,0,0,0,0,0,0,0,0,0,0,0,0,0
157,0,0,0,0,0,0,0,0,0,0,0,0,0,0,0,0
158,0,0,0,0,0,0,0,0,0,0,0,0,0,0,0,0
159,0,0,0,0,0,0,0,0,0,0,0,0,0,0,0,0
160,0,0,0,0,0,0,0,0,0,0,0,0,0,0,0,0
161,0,0,0,0,0,0,0,0,0,0,0,0,0,0,0,0
162,0,0,0,0,0,0,0,0,0,0,0,0,0,0,0,0
163,0,0,0,0,0,0,0,0,0,0,0,0,0,0,0,0
164,0,0,0,0,0,0,0,0,0,0,0,0,0,0,0,0
165,0,0,0,0,0,0,0,0,0,0,0,0,0,0,0,0
166,1,0,0,0,0,0,0,0,0,0,0,0,0,0,0,0
167,0,0,0,0,0,0,0,0,0,0,0,0,0,0,0,0
168,0,0,0,0,0,0,0,0,0,0,0,0,0,0,0,0
169,0,0,0,0,2,0,0,0,0,0,0,2,0,0,0,0
170,0,0,0,0,0,0,0,0,0,0,0,0,0,0,0,0
171,0,0,0,0,0,0,0,0,0,0,0,0,0,0,0,0
172,0,0,0,0,0,0,0,0,0,0,0,0,0,0,0,0
173,0,0,0,0,0,0,0,0,0,0,0,0,0,0,0,0
174,0,0,0,0,0,0,0,0,0,0,0,0,0,0,0,0
175,0,0,0,0,0,0,0,0,0,0,0,0,0,0,0,0
176,0,0,0,0,0,0,0,0,0,0,0,0,0,0,0,0
177,0,0,0,0,0,0,0,0,0,0,0,0,0,0,0,0
178,0,0,0,0,0,0,0,0,0,0,0,0,0,0,0,0
179,0,0,0,0,2,0,0,0,0,0,0,2,0,0,0,0
180,0,0,0,0,0,0,0,0,0,0,0,0,0,0,0,0
181,0,0,0,0,0,0,0,0,0,0,0,0,0,0,0,0
182,0,2,2,0,0,0,0,0,0,0,0,0,0,0,0,0
183,0,2,0,0,0,0,0,0,0,0,0,0,0,0,0,0
184,0,2,0,0,0,0,0,0,0,0,0,0,0,0,0,0
185,0,0,0,0,0,0,0,0,0,0,0,0,0,0,0,0
186,0,0,0,0,0,0,0,0,0,0,0,0,0,0,0,0
187,0,0,0,0,0,0,0,0,0,0,0,0,0,0,0,0
188,0,0,0,0,0,0,0,0,0,0,0,0,0,0,0,0
189,0,2,0,0,0,0,0,0,0,2,0,0,0,0,0,0
190,0,0,0,0,0,0,0,0,0,0,0,0,0,0,0,0
191,0,0,0,0,0,0,0,0,0,0,0,0,0,0,0,0
192,0,2,0,0,0,2,0,2,0,2,2,2,2,0,0,0
193,2,2,2,2,2,2,2,2,2,2,0,2,0,2,0,2
194,2,2,2,0,0,0,0,0,2,0,0,0,2,0,0,0
195,0,0,0,0,0,0,0,0,0,0,0,0,0,0,0,0
196,0,0,0,0,0,0,0,0,0,0,0,0,0,0,0,0
197,0,0,0,0,0,0,0,0,0,2,0,0,0,0,0,0
198,0,0,0,0,0,0,0,0,0,0,0,0,0,0,0,0
199,0,0,0,0,0,0,0,0,0,0,0,0,0,0,0,0
200,0,0,0,0,0,0,0,0,0,0,0,0,0,0,0,0
201,2,0,2,2,0,2,2,0,0,0,0,0,0,2,0,0
202,2,0,2,0,0,0,0,0,0,0,2,0,0,2,0,0
203,0,2,0,0,2,2,0,0,0,0,0,2,0,2,0,0
204,0,0,0,0,0,0,0,0,0,0,0,0,0,0,0,0
205,0,0,0,0,0,0,0,0,0,0,0,0,0,0,0,0
206,0,0,2,0,2,0,0,0,0,0,2,0,2,0,0,0
207,0,0,0,0,0,0,0,0,0,0,0,0,0,2,0,0
208,1,1,1,1,1,1,1,1,1,1,1,1,1,1,1,1
209,1,1,1,1,1,1,1,1,1,1,1,1,1,1,1,1
210,1,1,1,1,1,1,1,1,1,1,1,1,1,1,1,1
211,1,1,1,3,1,1,1,1,1,1,1,1,1,1,1,1
212,1,1,1,1,1,1,1,1,1,1,1,1,1,1,1,1
213,1,1,1,1,1,1,1,1,1,1,1,1,1,1,1,1
214,1,1,1,1,1,1,1,1,1,1,1,1,1,1,1,1
215,1,1,1,1,1,1,1,1,1,1,1,1,1,1,1,1
216,1,1,1,1,1,1,1,1,1,1,1,1,1,1,1,1
217,1,1,1,1,1,1,1,1,1,1,1,1,1,1,1,1
218,1,1,1,1,1,1,1,1,1,1,1,1,1,1,1,1
219,1,1,1,1,1,1,1,1,1,1,1,1,1,1,1,1
220,1,1,1,1,1,1,1,1,1,1,1,1,1,1,1,1
221,1,1,1,3,1,1,1,1,1,1,1,1,1,1,1,1
222,1,1,1,3,1,1,1,1,1,1,1,1,1,1,1,1
223,1,1,1,1,1,1,1,1,1,1,1,1,1,1,1,1
224,1,1,1,1,1,1,1,1,1,1,1,1,1,1,1,1
225,1,1,1,1,1,1,1,1,1,1,1,1,1,1,1,1
226,1,1,1,1,1,1,1,1,1,1,1,1,1,1,1,1
227,1,1,1,1,1,1,1,1,1,1,1,1,1,1,1,1
228,1,1,1,1,1,1,1,1,1,1,1,1,1,1,1,1
229,1,1,1,2,1,1,1,1,1,1,1,1,1,1,1,1
230,1,1,1,1,1,1,1,1,1,1,1,1,1,1,1,1
231,1,1,1,3,1,1,1,1,1,1,1,1,1,1,1,1
232,1,1,1,1,1,1,1,1,1,1,1,1,1,1,1,1
233,1,1,1,1,1,1,1,1,1,1,1,1,1,1,1,1
234,1,1,1,3,1,1,1,1,1,1,1,1,1,1,1,1
235,1,1,3,1,1,2,1,1,1,1,1,1,1,1,1,1
236,1,1,1,1,1,1,1,1,1,1,1,1,1,1,1,1
237,1,1,1,3,2,1,1,1,1,1,1,1,1,1,1,1
238,1,1,1,1,1,3,1,1,1,1,1,1,1,1,1,1
239,1,1,1,3,1,1,1,1,1,1,1,1,1,1,1,1
240,1,1,1,1,1,1,1,1,1,1,1,1,1,1,1,1
241,1,1,1,1,1,1,1,1,1,1,1,1,1,1,1,1
242,1,1,1,1,1,1,1,1,1,1,1,1,1,1,1,1
243,1,1,1,1,1,1,1,1,1,1,1,1,1,1,1,1
244,1,1,1,1,1,1,1,1,1,1,1,1,1,1,1,1
245,1,1,1,1,1,1,1,1,1,1,1,1,1,1,1,1
246,1,1,1,1,1,1,1,1,1,1,1,1,1,1,1,1
247,1,1,1,1,1,1,1,1,1,1,1,1,1,1,1,1
248,1,1,1,2,1,1,1,1,1,1,1,1,1,1,1,1
249,1,1,1,1,1,1,1,1,1,1,1,1,1,1,1,1
250,1,1,1,1,1,1,1,1,1,1,1,1,1,1,1,1
251,1,1,1,1,1,1,1,1,1,1,1,1,1,1,1,1
252,1,1,1,1,1,1,1,1,1,1,1,1,1,1,1,1
253,1,1,1,1,1,1,1,1,1,1,1,1,1,1,1,1
254,1,1,1,1,1,1,1,1,1,1,1,1,1,1,1,1
255,1,1,1,1,1,1,1,1,1,1,1,1,1,1,1,1
256,1,1,1,1,1,1,1,1,1,1,1,1,1,1,1,1
257,1,1,1,1,1,3,1,1,1,1,1,1,1,1,1,1
258,1,1,1,1,1,1,1,1,1,1,1,1,1,1,1,1
259,1,1,1,1,1,1,1,1,1,1,1,1,1,1,1,1
260,1,1,1,1,1,1,1,1,1,1,1,1,1,1,1,1
261,1,1,1,1,1,1,1,1,1,1,1,1,1,1,1,1
262,1,1,1,1,2,1,1,1,1,1,1,1,1,1,1,1
263,1,1,1,1,1,1,1,1,1,1,1,1,1,1,1,1
264,1,1,1,1,1,1,1,1,1,1,1,1,1,1,1,1
265,1,1,1,1,1,1,1,1,1,1,1,1,1,1,1,1
266,1,1,1,1,1,1,1,1,1,1,1,1,1,1,1,1
267,1,1,1,1,1,1,1,1,1,1,1,1,1,1,1,1
268,1,1,1,1,1,1,1,1,1,1,1,1,1,1,1,1
269,1,1,1,1,1,1,1,1,1,1,1,1,1,1,1,1
270,1,1,1,3,1,1,1,1,1,1,1,1,1,1,1,1
271,1,1,1,1,1,1,1,1,1,1,1,1,1,1,1,1
272,1,1,1,1,1,1,1,1,1,1,1,1,1,1,1,1
273,3,1,1,1,1,1,1,1,1,1,1,1,1,1,1,1
274,1,1,1,1,1,1,1,1,1,1,1,1,1,1,1,1
275,1,1,1,1,1,1,1,1,1,1,1,1,1,1,1,1
276,1,1,1,1,1,1,1,1,1,1,1,1,1,1,1,1
277,1,1,1,3,1,1,1,1,1,1,1,1,1,1,1,1
278,1,1,1,1,1,1,1,1,1,1,1,1,1,1,1,1
279,1,1,1,1,1,1,1,1,1,1,1,1,1,1,1,1
280,1,1,1,1,1,1,1,1,1,1,1,1,1,1,1,1
281,1,1,1,3,1,1,1,1,1,1,1,1,1,1,1,1
282,1,1,1,1,1,1,1,1,1,1,1,1,1,1,1,1
283,1,1,1,1,1,1,1,1,1,1,1,1,1,1,1,1
284,1,1,1,1,1,1,1,1,1,1,1,1,1,1,1,1
285,1,1,1,3,1,1,1,1,1,1,1,1,1,1,1,1
286,1,1,1,3,1,1,1,1,1,1,1,1,1,1,1,1
287,1,1,1,1,1,1,1,1,1,1,1,1,1,1,1,1
288,1,1,1,1,1,1,1,1,1,1,1,1,1,1,1,1
289,1,1,1,3,1,1,1,1,1,1,1,1,1,1,1,1
290,1,1,1,1,1,1,1,1,1,1,1,1,1,1,1,1
291,1,1,1,1,1,1,1,1,1,1,1,1,1,1,1,1
292,1,1,1,1,1,3,1,1,1,1,1,3,1,1,1,1
293,1,1,1,1,1,1,1,1,1,1,1,1,1,1,1,1
294,1,1,1,3,1,1,1,1,1,1,1,1,1,1,1,1
295,1,1,1,1,1,1,1,1,1,1,1,1,1,1,1,1
296,1,1,1,3,1,1,1,1,1,1,1,1,1,1,1,1
297,1,1,0,0,2,0,1,0,1,1,0,1,0,1,1,1
298,1,1,1,1,1,1,1,1,1,1,1,1,1,1,1,1
299,1,1,1,3,1,1,1,1,1,1,1,1,1,1,1,1
300,1,1,1,1,1,1,1,1,1,1,1,1,1,1,1,1
301,1,1,1,1,1,1,1,1,1,1,1,1,1,1,1,1
302,1,1,1,3,1,1,1,1,1,1,1,1,1,1,1,1
303,1,1,1,3,1,1,1,1,1,1,1,1,1,1,1,1
304,1,1,1,3,1,1,1,1,1,1,1,1,1,1,1,1
305,1,1,1,1,1,1,1,1,1,1,1,1,1,1,1,1
306,1,1,1,1,1,1,1,1,1,1,1,1,1,1,1,1
307,1,1,1,1,1,1,1,1,1,1,1,1,1,1,1,1
308,1,1,1,1,1,1,1,1,1,1,1,1,1,1,1,1
309,1,1,1,0,1,1,1,1,1,1,1,1,1,1,1,1
310,1,1,1,3,1,1,1,1,1,1,1,1,1,1,1,1
311,1,1,1,3,1,1,1,1,1,1,1,1,1,1,1,1
312,1,1,1,1,1,1,1,1,1,1,1,1,1,1,1,1
313,1,1,1,1,1,1,1,1,1,1,1,1,1,1,1,1
314,1,1,1,1,1,1,1,1,1,1,1,1,1,1,1,1
315,1,1,1,1,1,1,1,1,1,1,1,1,1,1,1,1
316,1,1,1,1,1,1,1,1,1,1,1,1,1,1,1,1
317,1,1,1,1,1,1,1,1,1,1,1,1,1,1,1,1
318,1,1,1,1,1,1,1,1,1,1,1,1,1,1,1,1
319,1,1,1,1,1,1,1,1,1,1,1,1,1,1,1,1
320,1,1,3,1,1,1,1,1,1,1,1,1,1,1,1,1
321,1,1,1,3,1,1,1,1,1,1,1,1,1,1,1,1
322,1,1,1,1,1,1,1,1,1,1,1,1,1,1,1,1
323,1,1,1,1,1,1,1,1,1,1,1,1,1,1,1,1
324,1,1,1,1,1,1,1,1,1,1,1,1,1,1,1,1
325,1,1,1,3,1,1,1,1,1,1,1,1,1,1,1,1
326,1,1,1,1,1,1,1,1,1,1,1,1,1,1,1,1
327,1,1,1,3,1,1,1,1,1,1,1,1,1,1,1,1
328,1,1,1,1,1,1,1,1,1,1,1,1,1,1,1,1
329,1,1,1,1,1,1,1,1,1,1,1,1,1,1,1,1
330,1,1,1,1,1,1,1,1,1,1,1,1,1,1,1,1
331,1,1,1,1,1,1,1,1,1,1,1,1,1,1,1,1
332,1,1,1,1,1,1,1,1,1,1,1,1,1,1,1,1
333,1,1,1,1,1,1,1,1,1,1,1,1,1,1,1,1
334,1,1,1,1,1,1,1,1,1,1,1,1,1,1,1,1
335,1,1,1,1,1,3,1,3,1,1,1,3,1,1,1,1
336,1,1,2,1,1,1,1,1,1,1,1,1,1,1,1,1
337,1,1,1,1,1,1,1,1,1,1,1,1,1,1,1,1
338,1,1,1,1,1,1,1,1,1,1,1,1,1,1,1,1
339,1,1,1,1,1,1,1,1,1,1,1,1,1,1,1,1
340,1,1,1,1,1,1,1,1,1,1,1,1,1,1,1,1
341,1,1,1,1,1,1,1,1,1,1,1,1,1,1,1,1
342,1,1,1,1,1,1,1,1,1,1,1,1,1,1,1,1
343,1,1,1,1,1,1,1,1,1,1,1,1,1,1,1,1
344,1,1,1,1,1,1,1,1,1,1,1,1,1,1,1,1
345,1,1,1,1,1,1,1,1,1,1,1,1,1,1,1,1
346,1,1,1,1,1,1,1,1,1,1,1,1,1,1,1,1
347,1,1,1,1,1,1,1,1,1,1,1,1,1,1,1,1
348,1,1,1,2,1,1,1,2,1,1,1,1,1,1,1,1
349,1,1,1,3,1,3,1,1,1,1,1,1,1,1,1,1
350,1,1,1,1,1,1,1,1,1,1,1,1,1,1,1,1
351,1,1,1,3,1,1,1,1,3,1,1,1,3,1,1,1
352,1,1,1,1,1,1,1,1,1,1,1,1,1,1,1,1
353,1,1,1,1,1,1,1,1,1,1,1,1,1,1,1,1
354,1,1,1,1,1,1,1,1,1,1,1,1,1,1,1,1
355,1,1,1,1,1,1,1,1,1,1,1,1,1,1,1,1
356,1,1,1,1,1,1,1,1,1,1,1,1,1,1,1,1
357,1,1,1,1,1,1,1,1,1,1,1,1,1,1,1,1
358,1,1,1,1,1,1,1,1,1,1,1,1,1,1,1,1
359,1,1,1,1,1,1,1,1,1,1,1,1,1,1,1,1
360,1,1,1,1,1,1,1,1,1,1,1,1,1,1,1,1
361,1,1,1,1,1,1,1,1,1,1,1,1,1,1,1,1
362,1,1,1,1,1,1,1,1,1,1,1,1,1,1,1,1
363,1,1,1,1,1,1,1,1,1,1,1,1,1,1,1,1
364,1,1,1,1,1,1,1,1,1,1,1,1,1,1,1,1
365,1,1,1,1,1,1,1,1,1,1,1,1,1,1,1,1
366,1,1,1,1,1,1,1,1,1,1,1,1,1,1,1,1
367,1,1,1,1,1,1,1,1,1,1,1,1,1,1,1,1
368,1,1,1,1,1,1,1,1,1,1,1,1,1,1,1,1
369,1,1,1,1,1,1,1,1,1,1,1,1,1,1,1,1
370,1,1,1,1,1,1,1,1,1,1,1,1,1,1,1,1
371,1,1,1,1,1,1,1,1,1,1,1,1,1,1,1,1
372,1,1,1,3,1,1,1,1,1,1,1,1,1,1,1,1
373,1,1,1,1,1,1,1,1,1,1,1,1,1,1,1,1
374,1,1,1,1,1,1,1,3,1,1,1,1,1,1,1,1
375,1,1,1,3,1,1,1,1,1,1,1,1,1,1,1,1
376,1,1,1,3,1,1,1,1,1,1,1,1,1,1,1,1
377,1,1,1,1,1,1,1,1,1,1,1,1,1,1,1,1
378,1,1,1,3,1,1,1,1,1,1,1,1,1,1,1,1
379,1,1,1,3,1,1,1,3,1,1,1,1,1,1,1,1
380,1,1,1,1,1,1,1,1,1,1,1,1,1,1,1,1
381,1,1,1,1,1,1,1,1,1,1,1,1,1,1,1,1
382,1,1,1,1,1,1,1,1,1,1,1,1,1,1,1,1
383,1,1,1,3,1,1,1,1,1,1,1,1,1,1,1,1
384,1,1,1,1,1,1,1,1,1,1,1,1,1,1,1,1
385,1,1,1,1,1,1,1,1,1,1,1,1,1,1,1,1
386,1,1,1,1,1,1,1,1,1,1,1,1,1,1,1,1
387,1,1,1,1,1,1,1,1,1,1,1,1,1,1,1,1
388,1,1,1,1,1,1,1,1,1,1,1,1,1,1,1,1
389,1,1,1,1,1,1,1,1,1,1,1,1,1,1,1,1
390,1,1,1,1,1,1,1,1,1,1,1,1,1,1,1,1
391,1,1,1,1,1,1,1,1,1,1,1,1,1,1,1,1
392,1,1,1,3,1,1,1,1,1,1,1,1,1,1,1,1
393,1,1,1,1,1,1,1,1,1,1,1,1,1,1,1,1
394,1,1,1,1,1,1,1,1,1,1,1,1,1,1,1,1
395,1,1,1,1,1,1,1,1,1,1,1,1,1,1,1,1
396,1,1,1,1,1,1,1,1,1,1,1,1,1,1,1,1
397,1,1,1,1,1,1,1,1,1,1,1,1,1,1,1,1
398,1,1,1,2,1,2,1,1,1,1,1,1,1,1,1,1
399,1,1,1,3,1,1,1,1,1,1,1,1,1,1,1,1
400,1,1,1,1,1,1,1,1,1,1,1,1,1,1,1,1
401,1,1,1,1,1,1,1,1,1,1,1,1,1,1,1,1
402,1,1,1,1,1,1,1,1,1,1,1,1,1,1,1,1
403,1,1,1,1,1,1,1,1,1,1,1,1,1,1,1,1
404,1,1,1,1,1,1,1,1,1,1,1,1,1,1,1,1
405,1,1,1,1,1,1,1,1,1,1,1,1,1,1,1,1
406,1,1,1,1,1,1,1,1,1,1,1,1,1,1,1,1
407,1,1,1,1,1,1,1,1,1,1,1,1,1,1,1,1
408,1,1,1,1,1,1,1,1,1,1,1,1,1,1,1,1
409,1,1,1,1,1,1,1,1,1,1,1,1,1,1,1,1
410,1,1,1,1,1,1,1,1,1,1,1,1,1,1,1,1
411,1,1,1,1,1,1,1,1,1,1,1,1,1,1,1,1
412,1,1,1,1,1,1,1,1,1,1,1,1,1,1,1,1
413,1,1,1,1,1,1,1,1,1,1,1,1,1,1,1,1
414,1,1,1,1,1,1,1,1,1,1,1,1,1,1,1,1
415,1,1,1,1,1,1,1,1,1,1,1,1,1,1,1,1
416,1,1,1,1,1,1,1,1,1,1,1,1,1,1,1,1
417,1,1,1,1,1,1,1,1,1,1,1,1,1,1,1,1
418,1,1,1,1,1,1,1,1,1,1,1,1,1,1,1,1
419,1,1,1,3,1,1,1,1,1,1,1,1,1,1,1,1
420,1,1,1,1,1,1,1,1,1,1,1,1,1,1,1,1
421,1,1,1,1,1,1,1,1,1,1,1,1,1,1,1,1
422,1,1,1,1,1,1,1,1,1,1,1,1,1,1,1,1
423,1,1,1,1,1,1,1,1,1,1,1,1,1,1,1,1
424,1,1,1,1,1,1,1,1,1,1,1,1,1,1,1,1
425,1,1,1,1,1,1,1,1,1,1,1,1,1,1,1,1
426,1,1,1,1,1,1,1,1,1,1,1,1,1,1,1,1
427,1,1,1,1,1,1,1,1,1,1,1,1,1,1,1,1
428,3,2,2,2,2,0,0,3,2,1,0,0,2,2,2,2
429,2,2,2,2,2,2,2,2,2,2,2,2,2,2,2,2
430,2,2,2,3,2,2,2,2,2,3,2,2,2,2,2,2
431,2,2,2,2,2,2,2,2,2,2,2,2,2,2,2,2
432,2,2,3,3,2,3,3,3,3,0,2,2,3,3,2,3
433,3,3,3,3,2,3,3,3,3,2,2,3,3,3,2,3
434,2,2,2,2,2,2,2,2,0,2,2,2,2,2,2,2
435,2,3,2,3,3,3,3,3,1,2,3,3,3,2,2,3
436,3,2,2,2,2,2,2,2,3,2,3,2,2,2,2,2
437,3,3,3,2,2,3,2,3,3,3,3,2,2,3,2,3
438,3,3,3,3,2,3,2,3,3,2,3,2,3,3,2,3
439,3,3,3,3,3,3,3,3,3,3,3,3,3,3,2,3
440,2,2,2,1,2,3,1,1,1,2,2,1,1,2,2,2
441,3,2,2,3,2,3,2,3,2,2,2,2,3,2,2,2
442,2,2,2,2,2,2,2,2,3,2,2,2,2,2,2,2
443,3,2,3,3,2,3,2,2,2,2,2,2,2,2,2,2
444,3,3,0,2,2,2,2,2,3,3,3,2,3,3,2,2
445,2,2,2,2,2,2,2,2,3,3,2,2,2,2,2,2
446,2,3,3,3,2,2,2,3,3,2,2,2,2,2,2,2
447,2,3,3,3,3,2,3,3,3,2,3,0,3,3,2,3
448,2,2,2,2,2,2,2,2,2,2,2,2,2,2,2,2
449,3,3,3,2,3,2,3,3,3,2,2,2,3,2,2,3
450,2,3,0,0,2,0,0,3,3,0,0,3,0,2,2,0
451,3,2,3,2,2,3,2,3,3,3,2,2,3,2,2,2
452,2,2,2,2,3,2,2,2,2,2,2,3,2,2,2,2
453,3,3,3,3,3,3,3,3,3,3,3,3,3,3,2,3
454,2,2,2,2,2,2,2,3,3,3,2,2,2,3,2,2
455,2,2,2,2,2,2,2,2,2,2,2,2,2,2,2,2
456,3,2,3,3,2,3,3,3,3,2,2,2,3,2,2,3
457,3,3,2,0,3,3,2,3,0,2,2,2,2,2,2,2
458,3,3,3,3,2,3,2,3,3,3,3,3,2,3,2,3
459,2,2,3,2,2,2,2,3,3,2,2,2,2,2,2,2
460,3,3,3,3,3,3,3,3,2,3,3,3,3,3,2,3
461,3,3,2,2,3,3,2,3,3,2,2,3,3,2,2,3
462,2,2,2,2,2,2,2,2,2,2,2,2,2,2,2,2
463,3,3,3,3,3,3,3,3,2,3,3,3,3,3,2,3
464,2,2,2,2,2,2,2,2,2,2,3,2,2,3,2,2
465,3,2,2,2,2,2,2,3,3,2,2,2,2,2,2,2
466,2,3,2,3,3,3,2,3,3,2,3,3,3,3,2,3
467,2,2,3,3,3,3,3,3,3,3,3,1,3,3,2,3
468,2,2,3,2,2,2,2,2,3,2,2,2,2,3,2,2
469,3,2,2,3,2,2,2,3,2,2,2,2,2,3,2,2
470,2,2,3,2,2,3,2,2,3,2,2,2,2,2,2,2
471,2,2,2,2,2,2,2,2,3,2,2,2,2,2,2,2
472,2,3,2,2,2,2,2,3,2,2,1,2,2,2,2,2
473,2,2,3,2,3,2,2,2,3,2,3,2,2,2,2,2
474,2,2,2,3,2,2,2,2,3,2,2,3,2,3,2,2
475,3,3,3,2,3,3,3,3,3,3,3,3,3,3,2,3
476,3,3,3,3,3,3,3,3,3,2,2,3,3,3,2,3
477,2,2,2,2,2,2,3,3,2,3,2,2,2,2,2,2
478,3,3,3,3,3,3,3,3,3,3,3,3,3,3,2,3
479,2,3,0,2,2,2,3,2,2,2,2,2,2,2,2,2
480,2,3,2,2,2,2,3,2,3,2,2,3,2,2,2,2
481,3,3,3,3,3,3,3,3,3,3,3,2,3,2,2,3
482,0,3,0,0,0,0,0,0,0,0,0,0,0,0,2,0
483,3,3,3,3,2,1,2,3,3,3,2,1,3,3,2,3
484,3,3,3,3,3,3,3,3,3,3,3,3,3,3,2,3
485,2,2,3,3,3,3,3,3,3,2,3,3,2,3,2,3
486,2,2,2,2,2,2,2,2,3,2,2,2,2,2,2,2
487,2,2,3,2,2,2,2,3,2,2,2,2,2,2,2,2
488,3,3,3,3,3,3,3,3,3,2,3,3,3,3,2,3
489,2,2,2,2,2,3,3,3,2,3,2,2,2,3,2,2
490,3,3,3,3,2,3,3,3,3,3,2,3,2,2,2,3
491,3,3,3,2,2,3,3,3,3,3,3,2,3,3,2,3
492,3,3,3,3,2,3,3,3,3,3,3,3,3,3,2,3
493,3,3,3,1,2,3,3,3,3,3,2,3,3,3,2,3
494,2,2,2,2,2,0,0,2,0,2,2,2,2,2,2,2
495,2,2,0,2,2,0,0,2,2,2,2,2,2,2,2,2
496,2,0,2,2,2,0,0,2,2,0,0,2,2,2,2,2
497,2,2,2,2,2,2,2,2,2,2,2,2,2,2,2,2
498,2,2,2,2,2,2,2,2,2,2,2,2,2,2,2,2
499,2,2,2,2,2,1,2,0,2,2,2,2,2,2,2,2
500,2,2,2,2,2,2,2,2,2,2,2,2,2,2,2,2
501,2,2,2,2,2,2,2,2,2,2,2,2,2,2,2,2
502,2,2,2,2,2,2,2,2,2,2,2,2,2,2,2,2
503,2,2,2,2,2,2,2,0,2,2,2,2,2,2,2,2
504,2,2,2,2,2,0,0,2,2,2,2,0,0,2,2,2
505,2,2,0,2,0,0,0,2,0,2,0,2,0,0,2,0
506,2,2,2,2,2,2,2,0,2,2,2,2,2,2,2,2
507,2,2,0,2,0,2,0,0,2,0,2,2,2,2,2,2
508,2,2,2,2,2,2,2,2,2,2,2,2,2,2,2,2
509,0,2,0,2,2,2,2,2,2,0,2,2,0,2,2,2
510,2,2,2,2,2,2,2,2,2,2,2,2,2,2,2,2
511,2,2,2,2,2,2,2,2,2,2,2,2,2,2,2,2
512,2,2,2,2,2,2,2,2,2,2,2,2,2,2,2,2
513,2,2,2,2,2,2,2,2,2,2,2,2,2,2,2,2
514,2,2,2,0,0,2,2,2,0,2,2,2,2,2,2,2
515,2,2,2,2,2,2,2,2,2,2,2,2,2,2,2,2
516,2,2,2,2,2,2,0,2,2,2,2,2,2,2,2,2
517,2,2,2,2,2,2,2,2,2,2,2,2,2,2,2,2
518,2,2,2,2,2,2,2,2,2,2,2,2,2,2,2,2
519,2,2,2,2,2,2,2,2,2,2,2,2,2,2,2,2
520,2,2,2,0,2,2,2,2,2,0,2,2,2,2,2,2
521,2,2,2,0,2,2,0,2,2,0,2,2,2,2,2,2
522,2,2,2,2,2,2,2,2,2,2,2,2,2,2,2,2
523,2,2,2,2,2,2,2,2,2,2,2,2,2,2,2,2
524,2,2,2,2,2,2,2,2,2,2,2,2,2,2,2,2
525,2,2,2,2,2,2,2,2,2,2,2,2,2,2,2,2
526,2,2,2,2,2,2,2,2,2,2,2,2,2,2,2,2
527,2,2,2,2,2,2,2,2,2,2,2,2,2,2,2,2
528,2,2,0,2,0,0,0,2,0,0,0,2,0,0,2,0
529,2,2,2,2,2,2,2,2,2,2,2,2,2,2,2,2
530,3,2,0,2,0,0,0,0,0,0,0,0,0,0,2,0
531,2,0,0,2,0,0,0,0,0,0,0,0,0,0,2,0
532,2,2,2,2,2,2,2,2,2,2,2,2,2,2,2,2
533,2,2,2,2,2,2,2,2,2,2,2,2,2,2,2,2
534,2,2,2,2,2,2,2,2,0,2,1,2,2,2,2,2
535,2,2,2,2,2,2,3,2,2,2,2,2,0,2,2,2
536,2,2,2,2,2,0,0,2,2,2,0,0,2,2,2,2
537,2,2,2,2,2,2,2,2,2,2,2,2,2,2,2,2
538,2,2,2,2,2,2,2,2,2,2,2,2,2,2,2,2
539,2,2,2,2,2,2,2,2,2,2,2,2,2,2,2,2
540,3,2,2,3,2,2,0,2,2,2,2,2,2,2,2,2
541,2,2,2,2,2,2,2,2,2,2,3,2,2,2,2,2
542,3,2,2,2,2,2,2,2,2,2,2,2,2,2,2,2
543,2,2,2,2,2,2,2,2,2,2,2,2,2,2,2,2
544,2,2,2,2,2,2,2,2,2,2,2,2,2,2,2,2
545,2,2,2,2,2,2,2,2,2,2,2,2,2,2,2,2
546,0,2,0,2,2,2,0,2,2,2,0,2,2,2,2,2
547,2,2,2,2,2,2,2,2,2,2,2,2,2,2,2,2
548,2,2,2,2,2,2,2,2,2,2,2,2,2,2,2,2
549,2,2,2,2,2,2,0,2,2,2,2,2,2,2,2,2
550,2,2,0,2,2,2,2,2,2,2,2,2,2,2,2,2
551,2,2,0,2,2,2,2,2,2,2,2,2,2,2,2,2
552,3,2,2,2,2,2,0,2,2,2,2,0,2,0,2,2
553,2,2,0,2,2,2,2,2,2,2,2,2,2,2,2,2
554,2,2,0,2,2,2,2,2,2,2,2,0,0,2,2,2
555,2,2,2,2,2,2,2,2,2,2,2,2,2,2,2,2
556,2,2,2,2,2,2,2,2,2,2,2,2,2,2,2,2
557,2,2,2,2,2,2,2,2,2,2,2,2,2,2,2,2
558,2,2,2,2,2,2,2,2,2,2,2,2,2,2,2,2
559,2,2,2,2,2,2,2,2,2,2,2,2,2,2,2,2
560,2,2,2,2,2,2,2,2,2,2,2,2,2,2,2,2
561,1,2,2,2,2,2,2,2,2,2,2,2,2,2,2,2
562,2,2,2,2,2,2,2,2,2,2,2,2,0,2,2,2
563,2,2,2,2,2,2,2,2,2,2,2,2,2,2,2,2
564,3,2,2,3,0,2,3,2,2,3,3,2,3,3,2,2
565,2,2,2,2,2,2,2,2,2,2,2,2,2,2,2,2
566,2,2,0,2,2,0,0,2,2,2,2,2,2,2,2,2
567,2,2,2,2,2,2,2,2,2,2,2,2,2,2,2,2
568,2,2,2,2,2,2,2,2,2,2,2,2,2,2,2,2
569,0,2,2,0,0,2,0,2,0,0,0,0,0,0,2,0
570,2,2,2,2,2,2,2,2,2,2,2,2,2,2,2,2
571,2,2,2,2,2,2,2,2,2,2,2,2,2,2,2,2
572,2,2,2,2,2,2,2,2,2,2,3,2,2,2,2,2
573,2,2,0,2,2,2,2,2,2,2,2,2,2,2,2,2
574,2,2,0,2,2,2,2,2,2,2,2,2,2,2,2,2
575,2,2,2,2,2,2,2,2,2,2,2,2,2,2,2,2
576,2,2,2,2,2,2,2,2,2,2,2,2,2,2,2,2
577,2,2,2,2,2,2,2,2,2,2,2,2,2,2,2,2
578,0,2,0,2,2,2,2,0,2,2,2,0,2,2,2,2
579,2,2,2,2,2,2,2,2,2,2,2,2,2,2,2,2
580,2,2,2,2,2,2,2,2,2,2,2,0,2,2,2,2
581,2,2,2,2,2,2,0,2,2,2,2,0,2,2,2,2
582,2,2,2,0,2,2,0,0,2,2,2,0,2,2,2,2
583,2,2,2,2,2,2,2,2,2,2,2,2,2,2,2,2
584,2,2,2,2,2,2,2,2,2,2,2,2,2,2,2,2
585,2,2,2,2,2,2,2,2,2,2,2,2,2,2,2,2
586,2,2,2,2,2,2,2,2,2,2,2,2,2,2,2,2
587,2,2,2,2,2,2,2,2,2,2,2,2,2,2,2,2
588,2,2,0,2,2,2,2,2,2,0,2,2,2,2,2,2
589,2,2,2,2,2,2,2,2,2,2,2,2,2,2,2,2
590,2,2,2,2,2,2,2,2,2,2,2,2,2,2,2,2
591,2,2,0,2,2,2,2,2,2,2,2,2,2,2,2,2
592,2,2,2,2,2,2,0,2,2,2,0,0,2,2,2,2
593,2,2,2,2,2,2,2,2,2,2,2,2,2,2,2,2
594,0,2,0,2,2,2,2,2,0,2,0,0,2,0,2,2
595,2,2,0,2,2,0,0,2,0,2,0,0,0,0,2,0
596,2,2,2,2,2,2,2,2,2,2,2,2,2,2,2,2
597,2,2,0,2,0,0,0,0,2,0,2,0,0,0,2,0
598,2,2,2,2,2,2,2,2,2,2,2,2,2,2,2,2
599,2,2,2,2,2,2,2,2,2,2,2,2,2,2,2,2
600,2,2,2,2,2,2,2,2,2,2,2,2,2,2,2,2
601,2,2,0,2,2,2,0,2,0,2,0,0,2,2,2,2
602,2,2,0,2,2,2,2,2,2,2,2,2,2,2,2,2
603,2,2,0,2,0,0,2,2,0,0,2,0,0,0,2,0
604,2,2,2,2,2,2,2,2,2,2,2,2,2,2,2,2
605,2,2,2,2,2,2,2,2,2,2,2,2,2,2,2,2
606,2,2,2,2,2,2,2,2,2,2,2,2,2,2,2,2
607,2,2,2,2,2,2,2,2,2,2,2,2,2,2,2,2
608,2,2,2,2,2,2,2,2,2,2,2,2,2,2,2,2
609,2,2,2,2,2,2,2,2,2,2,2,2,2,2,2,2
610,2,2,0,2,2,0,0,2,2,2,0,2,2,2,2,2
611,2,2,2,2,2,2,2,2,2,2,2,2,2,2,2,2
612,2,2,2,2,2,2,2,2,2,2,2,2,2,2,2,2
613,2,2,2,2,2,0,0,2,2,2,0,2,2,2,2,2
614,2,2,2,2,2,2,2,2,0,2,2,2,2,2,2,2
615,2,2,2,2,2,2,2,2,2,2,2,2,2,2,2,2
616,2,2,2,2,2,2,2,2,2,2,2,2,2,2,2,2
617,2,2,2,2,2,2,2,2,2,2,2,2,2,2,2,2
618,2,2,2,2,2,2,2,2,2,2,2,2,2,2,2,2
619,2,2,2,2,2,2,2,2,2,2,2,2,2,2,2,2
620,2,2,2,2,2,2,2,2,2,2,2,2,2,2,2,2
621,2,2,2,2,2,2,2,2,2,2,2,2,2,2,2,2
622,2,2,2,2,2,2,2,2,2,2,2,2,2,2,2,2
623,2,2,2,2,2,2,2,2,2,2,2,2,2,2,2,2
624,2,2,2,2,2,2,2,2,2,2,2,2,2,2,2,2
625,2,2,2,2,2,2,2,2,2,2,2,2,2,2,2,2
626,2,2,2,2,2,2,0,2,2,2,2,2,2,2,2,2
627,2,2,2,2,2,2,0,2,2,2,2,2,2,2,2,2
628,2,2,2,2,2,2,0,2,2,2,2,2,2,2,2,2
629,2,2,2,2,2,2,2,2,2,2,0,2,2,2,2,2
630,3,3,3,3,3,3,2,3,3,2,2,3,3,3,3,3
631,3,3,3,3,3,3,3,3,3,3,3,3,3,3,3,3
632,2,2,3,3,3,0,3,3,3,3,3,3,0,3,3,3
633,2,3,3,2,2,2,2,3,3,2,2,2,2,2,3,2
634,3,3,3,3,3,3,3,3,3,3,3,2,3,3,3,3
635,3,3,3,3,3,3,3,3,3,3,3,3,3,3,3,3
636,3,3,3,3,3,3,3,3,3,3,3,3,3,3,3,3
637,3,3,3,3,3,3,3,3,3,3,3,3,3,3,3,3
638,3,3,3,3,2,3,3,3,3,3,3,3,3,3,3,3
639,3,3,3,3,3,3,3,3,3,3,3,3,3,3,3,3
640,3,3,3,3,2,3,3,3,3,3,3,3,3,3,3,3
641,2,3,3,3,2,2,2,3,3,2,2,2,2,2,3,2
642,3,3,3,3,3,3,3,3,3,3,3,3,3,3,3,3
643,3,3,3,3,3,3,3,3,3,3,3,3,3,3,3,3
644,3,3,3,3,3,3,3,3,3,3,3,3,3,3,3,3
645,3,3,3,3,3,3,3,3,3,3,3,3,3,3,3,3
646,3,3,3,3,3,3,3,3,3,3,3,3,3,3,3,3
647,3,3,3,3,2,3,3,3,2,3,3,3,3,3,3,3
648,3,3,3,3,3,3,3,3,3,3,3,3,3,3,3,3
649,3,3,3,3,3,3,3,3,3,3,3,3,3,3,3,3
650,3,3,3,3,3,3,3,3,3,3,3,3,3,3,3,3
651,3,3,3,3,3,3,3,3,3,3,3,3,3,3,3,3
652,3,3,3,3,3,3,3,3,3,3,3,3,3,3,3,3
653,3,2,3,3,2,3,3,3,3,3,3,3,3,3,3,3
654,3,3,3,3,3,3,3,3,3,2,3,3,3,3,3,3
655,3,3,3,3,3,3,3,3,3,3,3,3,3,3,3,3
656,3,3,3,3,3,3,3,3,3,3,3,3,3,3,3,3
657,2,3,3,3,2,3,2,3,3,2,2,2,3,3,3,3
658,3,3,3,3,3,3,3,3,3,3,3,3,3,3,3,3
659,3,3,3,3,3,3,3,3,3,3,3,3,3,3,3,3
660,2,3,0,3,0,0,3,3,3,2,0,2,2,2,3,3
661,3,3,3,3,2,3,3,3,3,2,3,3,2,2,3,3
662,3,3,3,3,3,3,3,3,3,3,3,3,3,3,3,3
663,3,3,3,3,3,3,3,3,3,3,3,3,3,3,3,3
664,3,3,3,3,3,3,3,3,3,3,3,3,3,3,3,3
665,3,3,3,3,3,3,3,3,3,3,3,3,3,3,3,3
666,3,3,3,3,3,3,3,3,3,3,3,3,3,3,3,3
667,3,3,3,3,3,3,3,3,3,3,3,3,3,3,3,3
668,3,3,3,3,3,3,3,3,3,3,3,3,3,3,3,3
669,3,3,3,3,3,3,3,3,3,3,3,3,3,3,3,3
670,3,3,3,3,3,3,3,3,3,3,3,0,3,3,3,3
671,3,3,3,3,3,3,3,3,3,3,3,3,3,3,3,3
672,3,3,3,3,3,3,3,3,3,3,3,3,3,3,3,3
673,3,3,3,3,3,3,3,3,3,3,3,3,3,3,3,3
674,3,3,3,3,3,3,3,3,3,3,3,3,3,3,3,3
675,3,3,3,3,3,3,3,3,3,3,3,3,3,3,3,3
676,3,3,3,3,3,3,3,3,3,3,3,3,3,3,3,3
677,3,3,3,3,3,3,3,3,3,3,3,3,3,3,3,3
678,3,3,3,3,3,3,3,3,3,3,3,3,3,3,3,3
679,3,3,3,3,3,3,3,3,3,3,3,3,3,3,3,3
680,3,3,3,3,3,3,3,3,3,3,3,3,3,3,3,3
681,3,3,3,3,3,3,3,3,3,3,3,3,3,3,3,3
682,3,3,3,3,3,3,3,3,3,3,3,3,3,3,3,3
683,3,3,3,3,3,3,2,3,3,3,3,3,3,3,3,3
684,3,3,3,3,3,3,3,3,3,3,3,3,3,3,3,3
685,3,3,3,3,3,3,3,3,3,3,3,3,3,3,3,3
686,3,3,3,3,3,3,3,3,3,3,3,2,3,3,3,3
687,3,3,3,3,3,3,2,3,3,3,3,3,3,3,3,3
688,3,3,3,3,3,3,3,3,3,3,3,3,3,3,3,3
689,3,3,1,3,3,3,3,3,3,3,3,3,3,3,3,3
690,3,3,3,3,3,3,3,3,3,3,3,3,3,3,3,3
691,3,3,3,3,3,3,3,3,3,3,3,3,3,3,3,3
692,3,3,3,3,3,3,3,3,3,3,3,3,3,3,3,3
693,3,3,3,3,3,3,2,3,3,2,3,3,3,3,3,3
694,3,3,3,3,3,3,3,3,3,3,3,3,3,3,3,3
695,3,3,3,3,3,3,3,3,3,3,3,3,3,3,3,3
696,3,3,3,3,3,3,3,3,3,3,3,3,3,3,3,3
697,2,2,3,3,2,2,2,2,3,2,2,2,2,2,3,2
698,3,3,3,3,3,3,3,3,0,3,3,0,3,3,3,3
699,3,3,3,3,3,3,3,3,3,3,3,3,3,3,3,3
700,3,2,3,3,2,3,3,2,2,3,2,2,2,2,3,2
701,3,3,3,3,3,3,3,3,3,3,3,3,3,3,3,3
702,3,3,3,3,3,3,3,3,3,3,3,3,3,3,3,3
703,3,3,3,3,3,3,3,3,3,3,3,3,3,3,3,3
704,3,3,3,3,2,3,3,3,3,3,3,3,3,3,3,3
705,3,3,3,3,3,3,3,3,3,3,3,3,3,3,3,3
706,3,3,3,3,3,3,3,3,3,3,3,3,3,3,3,3
707,3,2,3,3,2,3,2,3,3,2,3,3,2,3,3,3
708,3,3,3,3,2,3,3,3,3,3,3,3,3,3,3,3
709,3,2,3,3,3,3,3,3,3,3,3,3,3,3,3,3
710,3,3,3,3,3,3,3,3,3,3,2,3,3,3,3,3
711,3,3,3,3,3,3,3,3,3,3,3,3,3,3,3,3
712,3,3,3,3,3,2,3,3,3,3,3,0,3,3,3,3
713,3,3,3,3,3,3,3,3,3,3,3,3,3,3,3,3
714,3,3,3,3,3,3,3,3,2,0,3,3,3,3,3,3
715,3,3,3,3,3,1,3,1,3,3,1,1,3,3,3,3
716,3,3,3,3,3,3,3,3,3,3,3,3,3,3,3,3
717,3,3,3,3,3,3,3,3,3,3,3,3,3,3,3,3
718,3,3,3,3,3,3,3,3,3,3,3,3,3,3,3,3
719,3,3,3,3,3,3,3,3,3,3,3,3,3,3,3,3
720,3,2,3,3,3,3,3,3,3,3,3,3,3,3,3,3
721,3,2,3,3,2,3,3,3,3,3,3,3,3,3,3,3
722,3,3,3,3,3,3,3,3,3,3,3,3,3,3,3,3
723,3,3,3,3,3,3,3,3,3,3,3,3,3,3,3,3
724,3,3,3,3,2,3,3,3,3,2,3,3,3,3,3,3
725,3,3,3,3,3,3,3,3,3,3,3,3,3,3,3,3
726,3,3,3,3,3,3,3,3,3,3,3,3,3,3,3,3
727,3,3,0,0,0,0,3,3,0,0,0,3,0,0,3,0
728,3,3,3,3,3,3,3,3,3,3,3,3,3,3,3,3
729,3,3,3,3,3,3,3,3,3,3,3,3,3,3,3,3
730,3,2,2,3,2,3,3,3,3,3,3,3,3,2,3,3
731,3,3,3,3,3,3,3,3,3,3,3,3,3,3,3,3
732,0,3,2,3,2,2,0,2,2,0,3,3,3,3,3,3
733,3,3,3,3,2,3,3,3,3,3,2,3,3,2,3,3
734,3,3,3,3,3,3,3,3,3,3,3,3,3,3,3,3
735,3,3,3,3,3,3,3,3,3,3,3,3,3,3,3,3
736,3,3,3,3,3,3,3,3,3,3,3,3,3,3,3,3
737,3,3,3,3,3,3,3,3,3,3,3,3,3,3,3,3
738,3,3,3,3,3,3,3,3,3,3,3,3,3,3,3,3
739,3,2,3,3,3,3,3,3,3,3,3,3,3,3,3,3
740,3,2,3,3,2,3,3,3,3,2,3,3,2,3,3,3
741,3,3,3,3,3,3,3,3,3,3,0,3,3,3,3,3
742,3,3,1,3,3,3,3,3,3,3,3,3,3,3,3,3
743,3,3,3,3,3,2,3,3,3,2,2,3,3,3,3,3
744,2,3,3,2,2,2,3,3,3,3,3,3,3,3,3,3
745,3,3,3,3,3,3,3,3,3,3,3,3,3,3,3,3
746,3,3,3,0,3,3,3,3,3,0,3,3,3,2,3,3
747,3,2,3,3,3,3,3,3,3,0,3,3,3,3,3,3
748,0,3,3,3,2,2,3,3,3,3,3,3,3,3,3,3
749,3,3,3,3,3,1,3,3,3,3,3,3,3,3,3,3
750,3,3,3,3,2,3,3,3,3,3,3,3,3,3,3,3
751,3,3,3,3,3,3,3,3,3,2,3,3,3,3,3,3
752,1,3,3,3,3,3,3,3,1,3,3,3,1,3,3,3
753,3,3,3,3,3,3,3,3,3,3,3,3,3,3,3,3
754,2,2,3,2,2,2,3,3,3,2,3,2,3,3,3,3
755,3,3,3,3,3,3,3,3,3,3,3,3,3,3,3,3
756,3,3,3,3,3,3,3,3,3,3,3,3,3,3,3,3
757,0,1,3,0,2,2,3,0,3,0,3,3,3,3,3,3
758,3,0,0,0,0,0,0,0,0,0,0,0,0,0,3,0
759,3,3,3,3,3,3,3,3,3,3,3,3,3,3,3,3
760,3,3,3,3,3,3,3,3,3,3,3,3,3,3,3,3
761,3,3,3,3,3,3,3,3,3,3,3,3,3,3,3,3
762,3,3,3,3,3,3,3,3,3,3,3,3,3,3,3,3
763,0,3,3,0,2,2,0,3,3,3,2,3,3,3,3,3
764,3,3,3,3,3,3,3,3,3,3,3,0,3,3,3,3
765,3,3,3,3,3,2,3,3,3,3,3,3,2,3,3,3
766,3,3,3,3,3,3,3,3,3,3,3,3,3,3,3,3
767,3,3,3,3,3,3,3,3,3,2,3,3,3,3,3,3
768,3,3,3,3,2,3,3,3,3,3,3,3,3,3,3,3
769,3,3,3,3,3,3,3,3,3,3,3,3,3,3,3,3
770,3,3,3,3,3,3,3,3,3,3,3,3,3,3,3,3
771,3,3,3,3,3,3,3,3,3,3,3,3,3,3,3,3
772,3,3,3,3,3,3,3,3,3,3,3,3,3,3,3,3
773,3,3,3,3,3,3,2,3,3,3,3,3,3,3,3,3
774,3,3,3,3,2,3,2,3,2,3,3,2,2,3,3,3
775,3,3,3,3,3,3,3,3,3,3,3,3,3,3,3,3
776,3,3,3,3,3,3,3,3,3,3,3,3,3,3,3,3
777,3,3,3,3,3,3,3,3,3,3,3,3,3,3,3,3
778,3,3,3,3,3,3,3,3,3,3,3,3,3,3,3,3
779,2,2,2,3,3,3,3,3,2,2,2,3,3,2,3,3
780,2,3,3,3,2,1,0,3,3,2,1,2,3,0,3,3
781,3,3,3,3,3,3,3,3,3,3,3,3,3,2,3,3
782,3,3,3,3,2,3,3,3,3,3,2,2,3,3,3,3
783,3,3,3,3,3,3,3,3,3,3,3,3,3,3,3,3
784,3,3,3,3,3,3,3,3,3,3,3,3,3,3,3,3
785,0,0,3,0,0,0,1,1,3,0,0,0,1,0,3,0
786,3,3,3,3,3,3,3,3,3,3,3,3,3,3,3,3
787,3,3,3,3,3,3,3,3,3,3,3,3,3,3,3,3
788,3,3,3,3,3,3,3,3,3,3,3,3,3,3,3,3
789,3,3,3,3,3,3,3,3,3,3,3,3,3,3,3,3
790,3,3,3,3,3,3,3,3,3,3,3,3,3,3,3,3
791,3,3,3,3,3,3,3,3,3,3,3,3,3,3,3,3
792,3,3,3,3,3,3,3,3,3,3,3,3,3,3,3,3
793,3,3,3,3,3,3,3,3,3,3,3,3,3,3,3,3
794,3,3,3,3,3,3,3,3,3,3,3,3,3,3,3,3
795,3,3,3,3,3,3,3,3,3,3,3,3,3,3,3,3
796,3,3,3,3,3,3,3,3,3,3,3,3,3,3,3,3
797,3,3,3,3,3,3,3,3,3,3,3,3,3,3,3,3
798,3,3,3,3,3,3,3,3,3,0,3,3,3,0,3,3
799,3,3,3,3,3,3,2,3,3,3,3,3,3,3,3,3
800,3,3,3,3,3,3,3,3,3,3,3,3,3,3,3,3
801,3,3,3,3,3,3,3,3,3,3,3,3,3,3,3,3
802,3,3,3,3,3,3,3,3,3,3,3,3,3,3,3,3
803,3,3,3,3,3,3,3,3,3,3,3,2,3,3,3,3
804,3,3,3,3,3,3,3,3,3,3,3,3,3,3,3,3
805,3,3,3,3,3,3,3,3,3,3,3,3,3,3,3,3
806,3,3,3,3,3,3,3,3,3,3,3,3,3,3,3,3
807,2,3,3,3,3,3,2,3,3,2,3,2,3,2,3,3
808,3,3,3,3,3,3,3,3,3,3,3,3,3,3,3,3
809,3,3,3,3,3,3,3,3,0,2,3,3,3,2,3,3
810,3,3,3,3,3,3,3,3,3,3,3,3,3,3,3,3
811,3,3,3,3,3,3,3,3,3,3,3,3,3,3,3,3
812,3,3,3,3,3,3,3,3,3,3,3,3,3,3,3,3
813,3,3,3,3,3,3,3,3,3,3,3,3,2,3,3,3
814,2,2,2,2,2,2,2,2,2,2,2,2,2,2,3,2
815,2,2,3,2,2,3,2,3,3,3,3,2,3,3,3,3
816,3,3,3,3,3,3,3,3,3,3,3,3,3,3,3,3
817,3,3,3,3,3,3,3,3,3,3,3,3,3,3,3,3
818,3,2,3,2,3,3,2,3,3,2,3,2,2,2,3,3
819,2,2,3,3,2,3,3,3,3,2,3,2,3,3,3,3
820,3,3,3,3,3,1,2,3,1,3,3,2,2,2,3,3
821,3,3,3,3,3,3,3,3,3,3,3,3,3,3,3,3
822,3,3,3,3,3,3,3,3,3,0,3,3,3,3,3,3
823,3,3,3,3,3,3,3,3,3,3,3,3,3,3,3,3
824,3,3,3,1,3,3,3,3,3,2,2,3,2,3,3,3
825,3,3,3,3,3,3,3,3,3,3,3,2,3,3,3,3
826,3,3,3,3,3,3,3,3,3,3,3,3,3,3,3,3
827,3,3,3,3,3,3,3,3,3,3,3,3,3,3,3,3
828,3,3,3,3,3,3,3,3,3,3,3,3,3,3,3,3
829,3,3,3,3,3,3,3,3,3,3,3,3,3,3,3,3
830,3,3,3,3,2,3,3,3,3,3,3,3,3,3,3,3
831,3,3,3,3,3,3,3,3,3,3,3,3,3,3,3,3
832,3,3,3,3,3,3,3,3,3,3,3,3,3,3,3,3
833,3,3,3,3,3,3,3,3,3,3,3,3,3,3,3,3
834,3,3,3,3,3,3,3,3,3,3,3,3,3,3,3,3
835,3,3,3,3,3,3,3,3,3,3,3,3,3,3,3,3
836,3,3,3,3,3,3,3,3,3,3,3,3,3,3,3,3
837,3,3,3,3,2,3,3,3,2,2,2,2,2,3,3,3
838,3,3,3,3,3,3,3,3,3,3,3,3,3,3,3,3
839,3,3,3,3,3,3,3,3,3,3,3,3,3,3,3,3
840,3,3,3,3,3,3,3,3,3,3,3,3,3,3,3,3
841,3,3,3,3,3,3,3,3,3,3,3,3,3,3,3,3
842,3,3,3,3,3,3,3,3,3,3,3,3,3,3,3,3
843,3,3,3,3,3,3,3,3,2,3,3,3,3,3,3,3
844,3,3,3,3,3,3,3,3,3,3,3,3,3,3,3,3
